crop,pest_disease,active_ingredient,formulation,dose,water_volume,application_method,timing,repeat_interval,waiting_period,source,source_year,region,approval_status,notes
Groundnut,Tobacco caterpillar,Chlorpyrifos,20% EC,2.0 mL/L water,500 L/ha,Foliar spray,At early instar damage notice,10-14 days,15 days,UAS Dharwad / Karnataka PoP,2026,Karnataka,Approved,Spray during early evening hours when larvae are active
Groundnut,Tobacco caterpillar,Novaluron,10% EC,1.0 mL/L water,500 L/ha,Foliar spray,At egg hatch / early instars,14 days,14 days,ICAR-DGR / TNAU,2026,Karnataka,Approved,Insect growth regulator effective against young larvae
Groundnut,Groundnut leaf miner,Quinalphos,25% EC,2.0 mL/L water,500 L/ha,Foliar spray,When 1 miner/leaf or 5-10% leaflet damage,10 days,12 days,UAS Bengaluru / Karnataka PoP,2026,Karnataka,Approved,Avoid spraying if natural parasitoids like Sympiesis are abundant
Groundnut,Thrips,Imidacloprid,17.8% SL,0.3 mL/L water,500 L/ha,Foliar spray,At initial infestation or vector surge,14 days,21 days,UAS Raichur / Karnataka PoP,2026,Karnataka,Approved,Systemic insecticide to prevent Bud Necrosis Virus vectoring
Groundnut,Aphids,Dimethoate,30% EC,1.7 mL/L water,500 L/ha,Foliar spray,When 10% plants show aphids,10-12 days,14 days,TNAU Agritech / ICAR,2026,Karnataka,Approved,Target underside of leaves where aphid colonies form
Groundnut,Red hairy caterpillar,Quinalphos,1.5% DP,25 kg/ha,N/A,Dusting,Early morning when dew is on leaves,7-10 days,10 days,Karnataka PoP / UAS Dharwad,2026,Karnataka,Approved,Dusting in early instars before caterpillars migrate
Groundnut,White grub,Phorate,10% CG,25 kg/ha,N/A,Soil application,At sowing or first monsoon showers,Single application,30 days,UAS Bengaluru,2026,Karnataka,Approved,Apply in soil around root zone and irrigate immediately
Groundnut,Early leaf spot,Mancozeb,75% WP,2.0 g/L water,500 L/ha,Foliar spray,At first appearance of spots (30-35 DAS),12-15 days,14 days,ICAR-DGR / Karnataka PoP,2026,Karnataka,Approved,Ensure complete coverage of upper and lower leaf surfaces
Groundnut,Early leaf spot,Tebuconazole,25.9% EC,1.5 mL/L water,500 L/ha,Foliar spray,At early disease onset,14 days,21 days,UAS Dharwad,2026,Karnataka,Approved,Systemic triazole fungicide with protective and curative action
Groundnut,Late leaf spot,Hexaconazole,5% EC,2.0 mL/L water,500 L/ha,Foliar spray,At first symptom onset (45-50 DAS),14 days,20 days,Karnataka PoP / UAS Raichur,2026,Karnataka,Approved,Effective against both Late Leaf Spot and Rust
Groundnut,Rust,Wettable Sulphur,80% WP,3.0 g/L water,500 L/ha,Foliar spray,When pustules appear on lower leaf surface,10-14 days,14 days,ICAR-DGR,2026,Karnataka,Approved,Provides additional mite control
Groundnut,Stem rot,Tebuconazole 50% + Trifloxystrobin 25% WG,75% WG,0.7 g/L water,500 L/ha,Stem drenching,At early stem brown lesion stage,14 days,21 days,UAS Bengaluru,2026,Karnataka,Approved,Direct spray towards crown/collar region of plant
Groundnut,Collar rot,Carbendazim 12% + Mancozeb 63% WP,75% WP,2.0 g/kg seed,N/A,Seed treatment,Before sowing,Single application,N/A,Karnataka PoP,2026,Karnataka,Approved,Dry seed treatment before planting
Paddy,Yellow stem borer,Chlorantraniliprole,0.4% GR,10 kg/ha,N/A,Soil application,At 15-20 DAT or early dead heart stage,Single application,20 days,UAS Bengaluru / ICAR-NRRI,2026,Karnataka,Approved,Broadcast in 2-3 cm standing water
Paddy,Yellow stem borer,Cartap Hydrochloride,50% SP,2.0 g/L water,500 L/ha,Foliar spray,When dead heart exceeds 5% or white ear 2%,12 days,21 days,Karnataka PoP,2026,Karnataka,Approved,Effective systemic insecticide
Paddy,Leaf folder,Flubendiamide,39.35% SC,0.2 mL/L water,500 L/ha,Foliar spray,When 1-2 folded leaves per hill observed,14 days,20 days,UAS Dharwad / ICAR,2026,Karnataka,Approved,Target larvae folded inside leaves
Paddy,Brown planthopper,Pymetrozine,50% WDG,0.6 g/L water,500 L/ha,Foliar spray,Direct spray at base of plant (5-10 BPH/hill),10 days,19 days,ICAR-NRRI / Karnataka PoP,2026,Karnataka,Approved,Spray towards lower stem base; avoid excess nitrogen fertilisation
Paddy,Brown planthopper,Dinotefuran,20% SG,0.4 g/L water,500 L/ha,Foliar spray,At initial ETL breach,12 days,21 days,UAS Raichur,2026,Karnataka,Approved,Fast knockdown action on nymphs and adults
Paddy,Rice hispa,Chlorpyrifos,20% EC,2.0 mL/L water,500 L/ha,Foliar spray,When 1 grub or adult per leaf observed,10 days,15 days,Karnataka PoP,2026,Karnataka,Approved,Clip leaf tips before transplanting if infested
Paddy,Gundhi bug,Malathion,5% DP,25 kg/ha,N/A,Dusting,At milk stage during early morning hours,7-10 days,10 days,UAS Shivamogga / Karnataka PoP,2026,Karnataka,Approved,Dusting during flowering/milking stage
Paddy,Gall midge,Fipronil,0.3% GR,16.7 kg/ha,N/A,Soil application,At 10-15 DAT in standing water,Single application,30 days,ICAR-NRRI,2026,Karnataka,Approved,Prevents silver shoot formation
Paddy,Blast,Tricyclazole,75% WP,0.6 g/L water,500 L/ha,Foliar spray,At neck blast initiation or leaf spot onset,12-14 days,30 days,ICAR-NRRI / Karnataka PoP,2026,Karnataka,Approved,Gold standard fungicide for paddy blast control
Paddy,Blast,Isoprothiolane,40% EC,1.5 mL/L water,500 L/ha,Foliar spray,At initial leaf blast symptoms,12 days,21 days,UAS Dharwad,2026,Karnataka,Approved,Systemic action against leaf and neck blast
Paddy,Bacterial leaf blight,Copper Hydroxide,77% WP,2.0 g/L water + Streptocycline 0.1 g/L,500 L/ha,Foliar spray,At first water-soaked lesion appearance,10 days,15 days,Karnataka PoP / UAS Bengaluru,2026,Karnataka,Approved,Mix copper compound with bactericide for effective control
Paddy,Sheath blight,Hexaconazole,5% EC,2.0 mL/L water,500 L/ha,Foliar spray,Spray directed towards lower sheath at tiller initiation,12 days,20 days,Karnataka PoP,2026,Karnataka,Approved,Ensure canopy penetration to reach plant base
Paddy,Sheath blight,Validamycin,3% L,2.0 mL/L water,500 L/ha,Foliar spray,At early sheath lesion stage,10 days,14 days,ICAR-NRRI,2026,Karnataka,Approved,Antibiotic fungicide effective against Rhizoctonia solani
Paddy,Brown spot,Mancozeb,75% WP,2.0 g/L water,500 L/ha,Foliar spray,At nursery or tillering stage,12 days,14 days,TNAU / Karnataka PoP,2026,Karnataka,Approved,Correct soil potassium and micronutrient deficiency
Maize,Fall armyworm,Chlorantraniliprole,18.5% SC,0.4 mL/L water,500 L/ha,Foliar whorl spray,Direct spray into central whorl at early instar,10-14 days,14 days,ICAR-NIM/UAS Bengaluru/Karnataka PoP,2026,Karnataka,Approved,Direct nozzle into central crop whorl where larvae hide
Maize,Fall armyworm,Spinetoram,11.7% SC,0.5 mL/L water,500 L/ha,Foliar whorl spray,When 5-10% whorl damage observed,14 days,14 days,ICAR-IIMR / UAS Dharwad,2026,Karnataka,Approved,Rotate chemical classes to prevent resistance development
Maize,Stem borer,Carbofuran,3% CG,20 kg/ha,N/A,Whorl application,Apply granules in central whorl at 20-25 DAS,Single application,30 days,Karnataka PoP,2026,Karnataka,Approved,Pinch granules directly into leaf whorl
Maize,Shoot fly,Imidacloprid,70% WS,10 g/kg seed,N/A,Seed treatment,Before sowing,Single application,N/A,ICAR-IIMR / UAS Raichur,2026,Karnataka,Approved,Essential for early crop protection up to 4 weeks
Maize,Turcicum leaf blight,Mancozeb,75% WP,2.5 g/L water,500 L/ha,Foliar spray,At appearance of long elliptical leaf lesions,12-14 days,14 days,UAS Bengaluru / Karnataka PoP,2026,Karnataka,Approved,Repeat spray if high humidity persists
Maize,Turcicum leaf blight,Azoxystrobin 18.2% + Difenoconazole 11.4% SC,30% SC,1.0 mL/L water,500 L/ha,Foliar spray,At early disease emergence,14 days,21 days,ICAR-IIMR,2026,Karnataka,Approved,Dual mode systemic fungicide giving prolonged protection
Maize,Downy mildew,Metalaxyl 8% + Mancozeb 64% WP,72% WP,2.5 g/L water,500 L/ha,Foliar spray,At 15-20 DAS if yellow chlorotic streaks appear,10 days,21 days,UAS Dharwad / Karnataka PoP,2026,Karnataka,Approved,Rogue out systemically infected plants first
Maize,Common rust,Wettable Sulphur,80% WP,3.0 g/L water,500 L/ha,Foliar spray,When brownish pustules cover 5% leaf area,12 days,14 days,Karnataka PoP,2026,Karnataka,Approved,Apply in cooler hours of the day
Arecanut,Mahali kolerogo fruit rot,Bordeaux Mixture,1% solution,2.0-3.0 L/palm,Prophylactic canopy spray,Before onset of southwest monsoon (May-June),30-40 days,N/A,CPCRI / KSNUAHS Shivamogga / Karnataka PoP,2026,Karnataka,Approved,Add stickers/adhesives like rosin soap for rainfastness; repeat spray after 40 days
Arecanut,Mahali kolerogo fruit rot,Copper Oxychloride,50% WP,3.0 g/L water,2.0-3.0 L/palm,Canopy spray,Second spray during mid-monsoon pause,30 days,15 days,Karnataka PoP,2026,Karnataka,Approved,Ensure complete covering of nut bunches
Arecanut,Bud rot,Bordeaux Paste,10% paste,N/A,Topical application on crown,After removing infected heart rot tissue,Single application,N/A,CPCRI / UAS Shivamogga,2026,Karnataka,Approved,Clean infected heart leaves and apply paste to crown bud
Arecanut,Foot rot or Anabe roga,Hexaconazole,5% EC,2.0 mL/L water,5-10 L/palm,Soil drenching around trunk base,At root zone/base upon stem bleeding,30 days,30 days,CPCRI / KSNUAHS Shivamogga,2026,Karnataka,Approved,Isolate affected palm by digging 30cm wide trench around base
Arecanut,Yellow leaf disease,Propiconazole,25% EC,1.0 mL/L water,3-5 L/palm,Root feeding / Soil drench,Post-monsoon period,60 days,30 days,CPCRI Kasaragod,2026,Karnataka,Approved,Combine with organic manure and micronutrient mix application
Arecanut,Spindle bug,Imidacloprid,17.8% SL,0.5 mL/L water,0.5 L/palm,Inner leaf axil drenching,At early whorl infestation,30 days,21 days,KSNUAHS Shivamogga / Karnataka PoP,2026,Karnataka,Approved,Direct spray into top spindle leaf axils
Arecanut,Mites,Wettable Sulphur,80% WP,3.0 g/L water,1.0-2.0 L/palm,Foliar canopy spray,During dry summer months (Feb-May),15 days,14 days,CPCRI / Karnataka PoP,2026,Karnataka,Approved,Target lower surface of leaves where red/white mites congregate
Arecanut,Inflorescence die-back and button shedding,Mancozeb,75% WP,2.5 g/L water,1.0-2.0 L/palm,Inflorescence bunch spray,At flower opening and after button set,20-25 days,14 days,CPCRI / KSNUAHS Shivamogga,2026,Karnataka,Approved,Spray on inflorescence bunches at female flower opening stage
Arecanut,Button Shedding,Mancozeb,75% WP,2.5 g/L water,1.0-2.0 L/palm,Inflorescence bunch spray,At flower opening and after button set,20-25 days,14 days,CPCRI / KSNUAHS Shivamogga,2026,Karnataka,Approved,Spray on inflorescence bunches at female flower opening stage
